customer_id,first_name,last_name,state
1,Jeff,Elliott,SC
2,Joanne,Williams,UT
3,Ashley,Lopez,NY
4,Brian,Williams,FL
5,Nathan,Massey,MI
6,Danielle,Evans,NY
7,Kayla,Sutton,CA
8,Paula,Estrada,SD
9,David,Everett,PA
10,Kayla,Obrien,TX
11,Samuel,Jenkins,KY
12,Louis,Fisher,WY
13,Melissa,Meza,FL
14,William,Thompson,NY
15,Ashley,Whitney,AL
16,Christine,Leblanc,FL
17,Charles,Moreno,FL
18,Lauren,Torres,TX
19,Ashley,Cruz,LA
20,Gina,Grimes,PA
21,Shannon,Williams,GA
22,Stacy,Villegas,CO
23,Christopher,Johnson,OH
24,Rebecca,Conley,WI
25,Kristen,Hanson,MI
26,Terri,Bailey,CA
27,William,Johnson,VT
28,Cody,Hooper,AR
29,Kathleen,Martin,TX
30,Mary,Schmidt,NY
31,Frank,Key,KY
32,Mary,Wall,NJ
33,Daniel,Cain,IA
34,Mackenzie,Salazar,WI
35,Krystal,Gamble,MD
36,James,Reese,MS
37,Charles,Carrillo,CA
38,Jessica,Dominguez,AL
39,Samuel,Johnston,AL
40,Zachary,Allen,IA
41,Jenna,Brooks,LA
42,Andrew,Mcgee,TX
43,David,Wolfe,MI
44,Jessica,Garcia,KS
45,Dale,Smith,TX
46,Lisa,Lin,IL
47,Jeffrey,White,MD
48,Sandra,Schwartz,MS
49,Amanda,Spencer,NJ
50,Jackie,Davis,MO
51,Joshua,Cohen,ME
52,Audrey,Gonzalez,CA
53,Kathryn,Smith,WY
54,Bridget,Bowen,MO
55,Jeremy,Roberson,FL
56,Mary,Myers,VT
57,Melissa,Brown,TN
58,Angie,Jones,DC
59,Judy,Hogan,FL
60,Jessica,Perez,NY
61,Adam,Santos,AZ
62,John,Stevens,CA
63,Tara,Campbell,NY
64,Monica,West,NY
65,Allison,Ayala,WY
66,Juan,Henry,SD
67,Monica,Tucker,FL
68,Kenneth,Robinson,TX
69,Kimberly,Gonzalez,MT
70,Robert,Evans,KY
71,Bradley,Anderson,NJ
72,Matthew,Lambert,AR
73,Charles,Robles,TX
74,Tanner,Carroll,MN
75,Beth,Lambert,WI
76,Lindsay,Wilson,FL
77,Sharon,Johnson,PA
78,Joshua,Mendoza,OK
79,Michelle,Rodriguez,MO
80,Benjamin,Martin,WA
81,Edward,Hensley,WV
82,Stephen,Marshall,NM
83,Vincent,Ward,NY
84,Adam,Riddle,AL
85,Christopher,Cummings,MI
86,Bryan,Miller,NJ
87,Jared,Walters,MA
88,Theresa,Blackwell,OH
89,Gail,Weaver,NE
90,Michelle,Woods,WV
91,Allison,Allen,AR
92,Wayne,Payne,WI
93,Valerie,Davis,WV
94,Daniel,Escobar,SC
95,Joseph,Nixon,MI
96,Amanda,Molina,AR
97,Marissa,Powell,OH
98,Vincent,Cain,VA
99,Daniel,Briggs,MI
100,Melinda,Gutierrez,MD
101,Carolyn,Perez,PA
102,Jennifer,Spencer,NE
103,Brandy,Quinn,AL
104,Monique,Martin,MO
105,Joseph,Gonzalez,NM
106,Grace,Williams,IL
107,Amber,Lewis,MO
108,Lisa,Mendez,OH
109,Jessica,Ward,TX
110,Theresa,Powell,TX
111,Lawrence,Frost,TN
112,Monica,Lane,AL
113,Ana,Mccormick,IL
114,Mark,Wood,OK
115,Amanda,Gomez,AZ
116,Nathan,Mendoza,TX
117,Barbara,Lowe,ME
118,Jordan,May,ME
119,Derek,Bentley,ID
120,Michael,Johnson,ME
121,Lori,Rodriguez,TX
122,Jerry,Robinson,NM
123,Mary,Mcintyre,TX
124,Amber,Perez,TX
125,Ian,Patton,NE
126,Rachel,Lowe,CA
127,Daniel,Boyd,OH
128,Katherine,Tucker,MI
129,Julie,Johnson,OR
130,Jennifer,Black,SD
131,Megan,Murphy,NY
132,Kathy,Hughes,CA
133,Whitney,Gallagher,NE
134,Jason,Farmer,LA
135,Randall,Burgess,FL
136,Taylor,Khan,KS
137,Jose,Vasquez,WV
138,Martin,Ford,NE
139,Dorothy,Thomas,IA
140,Destiny,Lowe,PA
141,William,Cannon,KY
142,Amanda,Vance,AL
143,Stanley,Dickson,GA
144,David,Rodriguez,FL
145,Mary,Diaz,PA
146,Amy,Abbott,TX
147,Sharon,Smith,KY
148,Kenneth,Edwards,KY
149,Michele,Patrick,FL
150,James,Stephens,MD
151,Rebecca,Erickson,OH
152,Leslie,Ford,MT
153,Karen,Sullivan,NY
154,Toni,Gomez,WV
155,Mike,Tran,TX
156,Richard,Brown,PA
157,Christopher,Gomez,MI
158,Joe,Howard,WY
159,Patricia,Mendoza,OH
160,Brian,Perez,AR
161,Erin,Chavez,IL
162,Jared,Velazquez,CA
163,Jonathan,Byrd,FL
164,Billy,Gallagher,IN
165,Gloria,Wallace,VA
166,Steven,Yoder,ID
167,Jeffrey,Munoz,VA
168,Rachel,Villarreal,NC
169,Rebecca,Butler,WV
170,Richard,Barnes,IL
171,Lisa,Lowe,PA
172,Juan,Sherman,NY
173,Cody,Miller,NY
174,Morgan,Murray,LA
175,Patrick,Torres,MD
176,Melissa,Krause,MS
177,Crystal,Fuller,MO
178,Robert,Haynes,SC
179,Travis,Hayes,LA
180,Monique,Robinson,NY
181,Angela,Edwards,PA
182,James,Strickland,UT
183,Adam,Mcdonald,WY
184,Adriana,Harvey,MA
185,Jeffrey,Rice,CO
186,Sara,Ramirez,NJ
187,Francisco,Kemp,WV
188,Briana,Santos,NJ
189,Robert,Ashley,NH
190,Cheryl,Morgan,TX
191,Justin,Aguilar,MI
192,John,Peters,FL
193,Kenneth,Sanchez,MS
194,Patricia,Leach,MN
195,Chris,White,NY
196,Susan,Hardy,NY
197,Curtis,Young,TX
198,Lori,Bishop,NC
199,Tammy,Ayers,MO
200,Brent,Terrell,MI
201,Sally,Moore,IL
202,Mackenzie,Smith,LA
203,James,Bishop,WA
204,Mary,Pruitt,SC
205,Mary,Williams,AR
206,Christopher,Farrell,OR
207,Margaret,Williams,NH
208,Morgan,Smith,CA
209,Patricia,Rodriguez,OH
210,Kenneth,Doyle,WI
211,Steven,Walters,PA
212,Jessica,Werner,VT
213,Sarah,Bishop,MO
214,Andrew,Patterson,IA
215,Mark,Rivera,AL
216,Micheal,Walters,CA
217,Kyle,Simmons,IA
218,Richard,Vance,MO
219,Thomas,Hale,IN
220,Haley,Wagner,CA
221,David,Miller,AR
222,Amanda,Smith,WI
223,Lauren,Anderson,WI
224,Jacqueline,Curry,MS
225,Bethany,Andrade,WA
226,Jennifer,Bishop,TN
227,Cheryl,Ballard,AL
228,Dawn,Tucker,MI
229,Dawn,Gray,IN
230,Tiffany,Stephens,NY
231,Jessica,Benitez,AZ
232,Vicki,Mendoza,OH
233,Timothy,Gomez,NY
234,Victoria,Fleming,SC
235,Becky,Mckinney,NE
236,Elizabeth,Maxwell,MD
237,Vincent,Waller,MO
238,Felicia,Thomas,KS
239,Jose,Campbell,NY
240,Jennifer,Conner,FL
241,Christopher,Matthews,GA
242,Sarah,Adams,NY
243,Dylan,Bonilla,NC
244,Gregory,Graham,OH
245,Sarah,Foster,NY
246,Melissa,Rodriguez,AL
247,Anna,Logan,NJ
248,Tanner,Davis,WV
249,Tyler,Mills,TX
250,Christopher,Adkins,AR
251,Samuel,Frey,MI
252,Thomas,Gibson,TX
253,Brittany,Cox,AR
254,Alan,Parsons,ME
255,Michael,Francis,MN
256,John,Nichols,OK
257,Jacqueline,Howard,TX
258,Kimberly,Miller,WI
259,Stephanie,Gill,WV
260,Marissa,Clark,MD
261,Carrie,Washington,MD
262,Melvin,Wright,TN
263,Jill,Flores,NM
264,Emily,Hall,SC
265,Derrick,Flores,NJ
266,Jacob,Dawson,MT
267,Jerry,Kelly,TX
268,Sara,Harris,AL
269,Julia,Bell,CA
270,Monica,Cohen,TX
271,Shelby,Mitchell,MN
272,James,Leon,TX
273,Kristen,Allen,KS
274,Regina,Johnston,AL
275,Jim,Johnson,NY
276,Maria,Roy,MI
277,Andrea,Cruz,KS
278,Linda,Sanchez,IN
279,Jill,Jacobs,MN
280,Christian,Johns,AL
281,Erika,Anderson,MI
282,Lori,Ramirez,WA
283,Olivia,Stephenson,IA
284,Kevin,Elliott,FL
285,Carlos,Chung,IA
286,Jeremy,White,KS
287,Alyssa,Morgan,OK
288,Melissa,Aguilar,OH
289,Michael,Williams,MI
290,Lauren,Butler,AL
291,Jeremy,Whitney,PA
292,Keith,Sanders,VA
293,Linda,Hurst,AL
294,Stephen,Lopez,MS
295,Micheal,Hernandez,MN
296,Larry,House,PA
297,Holly,Mann,MA
298,Susan,Washington,VA
299,Kathleen,Thompson,NJ
300,Alan,Colon,NY
301,David,White,TX
302,William,Fitzgerald,IL
303,Donna,Moreno,SC
304,Joseph,Davis,KY
305,Jennifer,Gonzalez,TX
306,Aaron,Rogers,OK
307,Cassandra,Nunez,IA
308,Angela,White,NJ
309,Tammy,Davis,MD
310,Sharon,Powell,AL
311,Scott,Martin,NY
312,Debra,Stark,OH
313,Karen,Gordon,TX
314,Joanna,Hudson,CA
315,Aaron,Stewart,CO
316,Randy,Wood,MT
317,Eddie,Mendez,WI
318,Hannah,Thomas,LA
319,Cody,Dean,MN
320,Meredith,Ayala,CO
321,Justin,Bell,IL
322,Laura,Johns,SC
323,Derek,Jones,WA
324,Brianna,Foley,NE
325,Greg,Villarreal,CA
326,Jennifer,Jones,IN
327,Christina,Eaton,IA
328,Michelle,Gregory,SC
329,Kimberly,Myers,NY
330,Kimberly,Webb,MI
331,Jamie,Carr,VA
332,Jason,Murphy,MI
333,Sophia,Dickson,TN
334,Kimberly,Rice,PA
335,Michael,Flores,NJ
336,Dylan,Garcia,NY
337,Walter,Blair,NJ
338,Nancy,Roach,NY
339,Randy,Murphy,PA
340,Kenneth,Richards,VT
341,Kyle,Park,VA
342,David,Bonilla,NM
343,Robert,Williams,WY
344,Rachel,Daniels,FL
345,Drew,Garcia,NY
346,Michael,Rowe,VA
347,Michelle,Johnston,LA
348,Jacqueline,Allen,MA
349,Deborah,Fisher,VA
350,Tanya,Williams,PA
351,Eric,Preston,OR
352,Kristina,Stewart,NY
353,Denise,Barnett,MN
354,Jeffrey,Smith,NY
355,Teresa,Stein,PA
356,Elizabeth,Payne,FL
357,Jacob,Patel,MI
358,Danielle,Allen,VT
359,Jared,Camacho,WY
360,Jacob,Weber,MN
361,Michelle,Anderson,KY
362,Thomas,Jenkins,CA
363,Corey,Jones,MN
364,Gary,Martinez,NY
365,Nathan,Mayer,NY
366,Jack,Hill,LA
367,Crystal,Gamble,AL
368,Pamela,Curtis,MT
369,John,Mccormick,AL
370,Susan,Shah,TN
371,Steven,Faulkner,MD
372,Ricky,Dunn,TN
373,Debra,Becker,OK
374,Janet,Turner,FL
375,Melissa,Mcclure,NH
376,Gina,Morrison,CA
377,Barbara,Norman,MO
378,Aaron,Murray,KY
379,Alicia,Bishop,MS
380,Jacqueline,Marsh,ND
381,Laura,Walker,NJ
382,Erik,Patterson,CO
383,Nathan,Martinez,IL
384,Justin,Fowler,NJ
385,Raymond,Lloyd,ND
386,Jessica,Potter,PA
387,Alex,White,IL
388,Harry,Mckee,TX
389,Brianna,Page,FL
390,Steven,Arnold,WY
391,Kayla,Jones,MS
392,Christopher,Holt,MT
393,Joshua,Carpenter,TX
394,Heather,Roberts,SC
395,Kelsey,Richards,MI
396,Tyler,Wright,WV
397,Marcia,Molina,TX
398,Timothy,Kirby,WY
399,Cory,Thomas,NE
400,Laura,Casey,OH
401,Alicia,Miller,SC
402,Jennifer,Scott,MO
403,Lisa,Hendrix,VA
404,Lisa,Lopez,WV
405,Diane,Jackson,CA
406,John,Myers,NJ
407,Xavier,Beltran,WY
408,Christine,Harris,MD
409,Nicholas,Thornton,NY
410,Kristina,Lewis,IA
411,Michael,Gross,KS
412,Rebecca,Obrien,TX
413,Tyler,Garcia,MO
414,Craig,Dunn,FL
415,Nicholas,Tran,OH
416,Jason,Singh,TX
417,Benjamin,Rogers,ME
418,Valerie,Clark,FL
419,Ashley,Blanchard,IA
420,Brenda,Perez,CA
421,Omar,Gay,TX
422,William,Skinner,ME
423,Kendra,King,OR
424,Patricia,Gonzalez,IN
425,Heather,Hines,NY
426,Amanda,Wheeler,NJ
427,Antonio,Koch,WY
428,Martin,Duarte,OH
429,Tina,Lawrence,SC
430,Steven,Johnson,OH
431,Alicia,Mitchell,WI
432,Karen,Cooper,TN
433,Christopher,Gregory,IL
434,Jessica,Shaw,PA
435,Nicholas,Mcmahon,NY
436,Jennifer,Garcia,WI
437,Sandra,Davies,MS
438,Felicia,Combs,IL
439,Stanley,Mayo,LA
440,Meredith,Campbell,AL
441,Terrance,Mckinney,SC
442,Bill,Lane,CT
443,Jeffrey,Vargas,GA
444,Patrick,Massey,PA
445,Margaret,Ray,SC
446,John,Robertson,MT
447,John,Clarke,NC
448,Robert,Long,NC
449,Natalie,Watson,NY
450,Karen,Ryan,TX
451,Kurt,Peters,WI
452,Sherry,Martinez,MN
453,Kevin,Walters,MS
454,Christopher,Henry,WY
455,Willie,Jordan,MO
456,Linda,Davis,NJ
457,Michael,Lee,FL
458,Sarah,Bell,OH
459,Larry,Warner,OH
460,Aaron,Pena,SC
461,Phillip,Delacruz,MT
462,Scott,Fuller,PA
463,Kimberly,Martin,SC
464,Dawn,Cox,GA
465,Steven,Sanders,MI
466,Vanessa,Anderson,MI
467,Elizabeth,Glover,IL
468,Robert,Nguyen,AZ
469,Vincent,Mueller,NE
470,Diana,Jacobs,OH
471,Tanya,Dickerson,LA
472,Ryan,Joseph,FL
473,Renee,Parrish,TX
474,Nathan,Stewart,IN
475,Margaret,Lam,FL
476,John,Miller,NM
477,Joel,Rivera,NY
478,Brandon,Pittman,UT
479,Rebecca,Farley,ID
480,Matthew,Young,TX
481,Warren,Daniels,WY
482,Phillip,Robertson,VT
483,Kara,Miles,NJ
484,Christian,Roman,TX
485,Ellen,Carrillo,CA
486,Tina,Zimmerman,NY
487,Timothy,Simmons,OH
488,Matthew,Huerta,NM
489,Nathan,Thomas,MT
490,Eric,Patel,SC
491,Nathan,Byrd,TN
492,Michael,Fisher,PA
493,Tara,Richards,IL
494,Alan,Howard,IL
495,Robin,Smith,TN
496,Angela,West,NM
497,Danielle,Yu,ME
498,Jacqueline,Washington,OH
499,Carol,Dillon,NY
500,William,Jenkins,KS
501,Steven,Brooks,NY
502,April,Johnson,VA
503,Christie,Williamson,IN
504,Jennifer,Banks,CA
505,Cassandra,Sanders,TX
506,Shannon,Bell,KY
507,Jodi,Rodriguez,PA
508,Alice,Kemp,IN
509,Robert,Goodman,NV
510,Krystal,Key,NM
511,Hailey,Rhodes,TX
512,Ellen,Smith,IL
513,Michelle,Beck,CA
514,Sabrina,Johnson,FL
515,Stephanie,Cummings,PA
516,Angela,Hodges,PA
517,Lisa,Clark,MI
518,Sarah,Clark,MD
519,Maria,Rosales,IN
520,Jesse,Roberts,IL
521,Kevin,Pena,VT
522,Teresa,Blankenship,NC
523,Thomas,Cross,KY
524,Jeffery,Sanders,OH
525,Kelly,Zimmerman,NY
526,Melody,Thompson,NY
527,Jessica,Jordan,WV
528,Hannah,Knight,MI
529,Julian,Price,MS
530,Cristian,Jones,MO
531,Melanie,Jimenez,NJ
532,Breanna,Rodriguez,MI
533,Ruth,Fuller,CA
534,Kathleen,Nash,ND
535,Jeffery,Brown,WY
536,Amanda,Williams,NJ
537,Jamie,Olson,PA
538,Barbara,Taylor,NY
539,Richard,Carter,TN
540,Shawn,King,TX
541,Bianca,Novak,TX
542,James,Hunt,MO
543,David,Lewis,GA
544,Christopher,Sheppard,ME
545,Angela,Taylor,PA
546,Rick,Martinez,IL
547,Gary,Barnes,UT
548,Kevin,Summers,IN
549,James,Baldwin,WI
550,Veronica,Burton,IN
551,Connie,Carroll,WA
552,William,Thomas,VT
553,Stephanie,Middleton,FL
554,Jamie,Robinson,MS
555,Rita,Myers,GA
556,Kaitlyn,Newman,AL
557,Felicia,Mckee,NM
558,Vincent,Flowers,NY
559,Amanda,Adams,FL
560,Allen,Bell,FL
561,Julie,Sanchez,IN
562,Paul,Wade,AL
563,Candice,Brown,AL
564,Margaret,Curtis,NY
565,Stephanie,Murphy,ME
566,Robert,Flores,NY
567,Randall,Dillon,CA
568,Gregory,Wallace,CT
569,Christine,Best,OK
570,Jerry,Perkins,TX
571,Lance,Wagner,UT
572,Linda,Park,AZ
573,Matthew,Russell,NY
574,Gerald,Frank,TN
575,Adam,Stark,OH
576,Mark,Tyler,KS
577,Ana,Howell,MI
578,Robert,Hall,NY
579,Gina,Gomez,NJ
580,Karen,Johnson,NE
581,Christina,Moore,MN
582,Mary,Lewis,AL
583,Bryan,Torres,MO
584,Dakota,Maldonado,MT
585,Margaret,Gibson,TX
586,Leah,Garner,TX
587,Stephanie,Taylor,ME
588,Cesar,Smith,OH
589,George,Floyd,TX
590,Spencer,Williams,MN
591,Janet,Carpenter,OH
592,Roberta,Mccarthy,PA
593,Charles,Preston,PA
594,Erica,Briggs,NY
595,Pamela,Lewis,IL
596,Christopher,Horn,TX
597,Joseph,Spencer,IN
598,Debbie,Hughes,SC
599,Christopher,Odom,PA
600,Donna,Davis,AZ
601,Ryan,Cook,KY
602,Robert,James,VT
603,Amber,Thornton,MN
604,William,Hunter,SD
605,Ann,Lawson,KY
606,Margaret,Mendez,MN
607,Patrick,Vaughan,SC
608,Bryce,Joseph,NY
609,David,Cole,OK
610,Andrew,Tucker,OK
611,Debra,Eaton,OH
612,Michael,Rodriguez,GA
613,Teresa,Clark,VA
614,Natasha,Mclaughlin,CO
615,Erika,Mason,NJ
616,David,Erickson,MT
617,David,Serrano,KS
618,Lawrence,Davis,IL
619,Megan,Bernard,MA
620,Thomas,Mathis,MO
621,Johnny,Bennett,NH
622,John,Williams,NY
623,Gerald,Anthony,IL
624,Christina,Rose,LA
625,Cynthia,Davis,PA
626,Savannah,Lewis,AZ
627,Ronald,Carson,OR
628,Matthew,Myers,FL
629,Christopher,Luna,WV
630,Misty,Rivera,WI
631,Mario,Johns,OK
632,James,Cooper,VT
633,Erik,Stevens,SC
634,Jennifer,Vega,AL
635,Joanne,Padilla,PA
636,Philip,Hart,CA
637,Billy,Mcdonald,KY
638,George,Smith,VA
639,Kenneth,Foster,NY
640,Andrea,Perkins,FL
641,Joseph,Morgan,AR
642,Tina,Alvarez,IA
643,Robert,Martinez,NY
644,Mary,Humphrey,OH
645,Lauren,Williams,IN
646,Jennifer,Vance,UT
647,Peggy,Berry,PA
648,Carrie,Lewis,CA
649,Samuel,Sandoval,TX
650,Casey,Howell,MI
651,Larry,Williams,MI
652,Adam,Kirk,MD
653,Frank,Anderson,TN
654,Wayne,Marsh,ME
655,Gary,Hall,CO
656,Hayden,Sanders,FL
657,Anthony,Velasquez,CA
658,Carolyn,Thomas,NY
659,Gabriella,Jordan,FL
660,Brian,Hogan,SC
661,Joseph,Wagner,VA
662,Bianca,Scott,NJ
663,Benjamin,Kim,WI
664,Chris,Dixon,NM
665,Amanda,Jones,KY
666,Jessica,Terry,MO
667,Cheryl,Melton,FL
668,Claire,Davis,ME
669,Dustin,Roberts,CA
670,David,Thomas,MT
671,Brooke,Smith,AR
672,Samuel,Farrell,OH
673,Brittany,Guerra,LA
674,Helen,Campbell,TN
675,Heather,Stanton,IL
676,Mary,Rodriguez,KS
677,John,Hudson,WV
678,Jasmine,Wade,CA
679,Kylie,Kirby,IA
680,Edward,Sanchez,TX
681,Lisa,Collins,TN
682,Douglas,Willis,AR
683,James,Yoder,TX
684,William,Perry,NY
685,Linda,Gonzalez,PA
686,Gregory,Wood,KY
687,Amy,Garrett,SC
688,Jennifer,Carrillo,KY
689,Jeffrey,Powers,NC
690,Vincent,Richards,NH
691,Stephanie,Hopkins,WI
692,Tammy,Maldonado,IN
693,Kyle,Wright,AR
694,Amanda,Fitzgerald,KY
695,Erika,Gonzalez,NJ
696,Peter,Caldwell,CA
697,Brooke,Rodriguez,MO
698,Ashley,Cabrera,LA
699,Stacy,Lambert,SC
700,Stephanie,Crane,WY
701,Christine,Davis,CA
702,Dalton,Jones,UT
703,Ashley,Mcdonald,NE
704,Danielle,Walker,TX
705,Jason,Hernandez,MO
706,Samuel,Short,IL
707,Barbara,Nelson,IN
708,Jonathan,Castro,TX
709,Alan,Taylor,GA
710,Susan,Garcia,MO
711,Christopher,Carr,VT
712,Christopher,Rodgers,MT
713,Audrey,Martinez,OH
714,Kyle,James,AL
715,Jacqueline,Caldwell,CO
716,James,Lynch,TX
717,Daniel,Owens,AR
718,Daniel,Martinez,NY
719,Catherine,Weber,ME
720,Jodi,Foster,NV
721,Lawrence,Ellis,NH
722,Christopher,Gilbert,GA
723,Steven,Williams,MD
724,Tami,Forbes,NY
725,Frank,Foster,TX
726,Robert,Drake,OH
727,Maureen,Garza,LA
728,Sarah,Scott,CA
729,Alicia,Morales,TX
730,Bradley,Martinez,MD
731,Christine,Burns,NY
732,Bryan,Pugh,IL
733,Edward,Tapia,NM
734,Anthony,Roberts,MI
735,John,Chandler,MI
736,Jeffrey,Lewis,MN
737,Angela,Ross,CA
738,William,Lopez,VA
739,Christopher,Grimes,CO
740,Mark,Allen,OH
741,Susan,Mills,PA
742,Andrea,Lewis,WY
743,Katherine,Pennington,TN
744,Tammie,Harper,KY
745,Carl,Hernandez,TX
746,Thomas,Sullivan,OR
747,Mark,Brown,AL
748,Christine,Johnson,NC
749,Ashley,Robinson,KY
750,Amy,Flynn,WV
751,Ashley,Whitehead,SC
752,David,Hughes,CA
753,Michael,Olson,CA
754,Mary,Juarez,TN
755,Judith,Moss,MN
756,Sheila,Baker,KS
757,David,Campbell,NE
758,Christopher,Castaneda,MI
759,Karen,Warren,SC
760,Belinda,Jimenez,WV
761,John,Davis,LA
762,Amanda,Alexander,TX
763,Katherine,Cooper,NV
764,Brenda,Johnson,MN
765,Donald,Evans,TX
766,Ariana,Campbell,AR
767,Christina,Nelson,NY
768,Mark,Nguyen,TN
769,Jessica,Bell,AR
770,Benjamin,Robinson,NC
771,Erica,Walker,MD
772,Benjamin,Harris,KS
773,William,Marshall,MI
774,Kristin,Williams,ND
775,Shannon,Patterson,PA
776,Joshua,Bryant,VA
777,Ronald,White,NV
778,Michelle,Russell,MI
779,David,Rogers,NY
780,Sheri,Thomas,FL
781,Jeremy,Perry,OK
782,Sydney,Montoya,KY
783,Michael,Garner,WV
784,Tyler,Small,NJ
785,Katherine,Love,NY
786,Daniel,Melton,TX
787,Sabrina,Nolan,OH
788,Michael,Orozco,IN
789,David,Kirby,IL
790,Tabitha,Reyes,PA
791,Maria,Garcia,MN
792,Christopher,Patterson,WY
793,Scott,Cole,FL
794,Justin,Gay,CO
795,Ryan,Johnson,AR
796,Joseph,Moody,NM
797,Robert,Holland,SC
798,Jeremy,Moore,OK
799,Amy,Daugherty,SC
800,Christopher,Miller,NY
801,Ryan,Arnold,CA
802,Diane,Smith,TX
803,Justin,Carter,AZ
804,Jason,Mcmahon,IN
805,Jeremy,Jones,SC
806,Adam,Keller,CO
807,Tracy,Conway,OK
808,Alicia,Hawkins,NY
809,James,Greene,TN
810,Danielle,Hayden,MO
811,Shelby,Cannon,OK
812,Dwayne,Martinez,IA
813,Brian,Simpson,NJ
814,Daniel,Jones,AZ
815,John,Vega,NM
816,Michelle,Juarez,TX
817,Robert,Velazquez,OR
818,Brooke,Fisher,WA
819,Michael,Jones,IL
820,Victoria,Mcbride,MO
821,Frederick,Robinson,IN
822,William,Martinez,OH
823,Stacy,Walsh,OH
824,Brianna,Wilson,CO
825,Melissa,Phillips,PA
826,Jasmine,Foster,TX
827,Christopher,Choi,ND
828,Joseph,Murray,NJ
829,Susan,Hernandez,WI
830,Audrey,Hickman,WA
831,Zachary,Boone,SC
832,Charles,Rodriguez,PA
833,Scott,Edwards,MT
834,Monique,Fox,MO
835,Thomas,Payne,MI
836,Richard,Waters,TX
837,Kyle,Wilkinson,TX
838,Tamara,Martinez,AL
839,Mckenzie,Brooks,WI
840,Francisco,Hernandez,MI
841,Steven,Castaneda,OH
842,Dorothy,Zuniga,TX
843,Lori,Mclean,AL
844,Bobby,Smith,TX
845,Sean,Miller,OH
846,Pamela,Matthews,MS
847,Margaret,Ward,FL
848,Christopher,Ortega,VA
849,Lauren,Moreno,MD
850,David,Vasquez,WI
851,Daniel,Graham,TX
852,Connor,Grant,NE
853,Kimberly,Castro,PA
854,Katelyn,Wise,PA
855,Derrick,George,OK
856,Scott,Sullivan,WI
857,Elizabeth,Mckee,AZ
858,Lisa,Fitzpatrick,WV
859,Ryan,Foster,NC
860,Larry,Vaughan,MN
861,Wesley,Parker,IA
862,Douglas,Smith,AL
863,Sarah,Cross,NC
864,Sonya,Jensen,PA
865,Christine,Shaffer,HI
866,Richard,Marshall,MN
867,Robert,Jordan,AZ
868,Lisa,Garcia,MI
869,Collin,Brown,MO
870,Megan,Fernandez,WY
871,Chris,Daniel,AR
872,Jeffrey,Krause,SC
873,Peter,Edwards,AZ
874,Renee,Walls,MI
875,Melissa,Flores,KY
876,Robert,Sanchez,MS
877,Craig,Franco,DC
878,Kimberly,Bush,OH
879,Michael,Vargas,MS
880,Jason,Gray,OH
881,Robert,Andrade,AR
882,Jessica,Smith,ME
883,Jacqueline,Prince,IA
884,Heather,Chase,TN
885,Christopher,White,NC
886,Tommy,Dixon,MN
887,Christie,Mendoza,NY
888,Kathleen,Heath,SC
889,Charles,Copeland,PA
890,Anthony,Allen,PA
891,Brandon,Bridges,CA
892,Guy,Thompson,NC
893,David,Nichols,NY
894,Patricia,Russell,ND
895,Christopher,Raymond,VA
896,Dawn,Stephens,LA
897,Dennis,Davidson,FL
898,Juan,Taylor,TX
899,Nicholas,Osborne,TX
900,Michael,Jackson,ME
901,Debbie,Payne,KY
902,Gregory,Webster,PA
903,Stephanie,Freeman,MD
904,Bruce,Hall,TN
905,Joseph,Bartlett,TN
906,Evan,Santiago,OK
907,Renee,Jones,GA
908,Morgan,James,TX
909,Patrick,Bates,WV
910,Debbie,Robbins,AR
911,John,Lewis,MN
912,Stephanie,Allen,UT
913,Rachel,Williams,GA
914,Destiny,Fowler,AR
915,Nicole,Dominguez,IN
916,Jason,Johnson,NC
917,Travis,Daniel,FL
918,Sahad,shah,UT
919,Samil ,Khan,AR
920,Benjamin,Lewis,FL
921,Steve,Brat,TX
922,Ricky,Cummins,NY
